{
  "project_info": {
    "project_number": "784919931346",
    "project_id": "doctor-appoinment-project",
    "storage_bucket": "doctor-appoinment-project.firebasestorage.app"
  },
  "client": [
    {
      "client_info": {
        "mobilesdk_app_id": "1:784919931346:android:db9f498deabc37d8fa400b",
        "android_client_info": {
          "package_name": "com.example.doctor_app_database_admin_panel"
        }
      },
      "oauth_client": [
        {
          "client_id": "784919931346-7u2p375ieh66dstqgqd08ol225auj9b8.apps.googleusercontent.com",
          "client_type": 3
        }
      ],
      "api_key": [
        {
          "current_key": "AIzaSyBUSaMfvznn3p9tmxvNt6f6eQgxTCdC4mw"
        }
      ],
      "services": {
        "appinvite_service": {
          "other_platform_oauth_client": [
            {
              "client_id": "784919931346-7u2p375ieh66dstqgqd08ol225auj9b8.apps.googleusercontent.com",
              "client_type": 3
            }
          ]
        }
      }
    },
    {
      "client_info": {
        "mobilesdk_app_id": "1:784919931346:android:5f0ce7ad07f7acaffa400b",
        "android_client_info": {
          "package_name": "com.example.doctorapp"
        }
      },
      "oauth_client": [
        {
          "client_id": "784919931346-4oqfposc9at5lknn6e8oas7ovp06kji0.apps.googleusercontent.com",
          "client_type": 1,
          "android_info": {
            "package_name": "com.example.doctorapp",
            "certificate_hash": "942ebe34d3876cccf0127e087e4fdf2a98f68e95"
          }
        },
        {
          "client_id": "784919931346-7u2p375ieh66dstqgqd08ol225auj9b8.apps.googleusercontent.com",
          "client_type": 3
        }
      ],
      "api_key": [
        {
          "current_key": "AIzaSyBUSaMfvznn3p9tmxvNt6f6eQgxTCdC4mw"
        }
      ],
      "services": {
        "appinvite_service": {
          "other_platform_oauth_client": [
            {
              "client_id": "784919931346-7u2p375ieh66dstqgqd08ol225auj9b8.apps.googleusercontent.com",
              "client_type": 3
            }
          ]
        }
      }
    }
  ],
  "configuration_version": "1"
}